{"$schema":"http://schema.management.azure.com/schemas/2015-01-01/deploymentTemplate.json#","contentVersion":"1.0.0.0","parameters":{"factoryName":{"type":"string","metadata":"Data Factory name"},"AzureDatabricks1":{"type":"string"},"onpremsqlserver_connection":{"type":"string"},"AzureDataLakeStorage1":{"type":"string"}},"variables":{"factoryId":"[concat('Microsoft.DataFactory/factories/', parameters('factoryName'))]"},"resources":[{"name":"[concat(parameters('factoryName'), '/copy_all_tables')]","type":"Microsoft.DataFactory/factories/pipelines","apiVersion":"2018-06-01","properties":{"activities":[{"name":"look all tables","type":"Lookup","dependsOn":[],"policy":{"timeout":"0.12:00:00","retry":0,"retryIntervalInSeconds":30,"secureOutput":false,"secureInput":false},"userProperties":[],"typeProperties":{"source":{"type":"SqlServerSource","sqlReaderQuery":"select s.name as SchemaName,\nt.name as TableName\nfrom sys.tables t\ninner join sys.schemas s\non t.schema_id= s.schema_id\nwhere s.name = 'SalesLT'","queryTimeout":"02:00:00","partitionOption":"None"},"dataset":{"referenceName":"SQLDBTables","type":"DatasetReference","parameters":{}},"firstRowOnly":false}},{"name":"ForEach Schema Table","type":"ForEach","dependsOn":[{"activity":"look all tables","dependencyConditions":["Succeeded"]}],"userProperties":[],"typeProperties":{"items":{"value":"@activity('look all tables').output.value","type":"Expression"},"activities":[{"name":"Copy each table","type":"Copy","dependsOn":[],"policy":{"timeout":"0.12:00:00","retry":0,"retryIntervalInSeconds":30,"secureOutput":false,"secureInput":false},"userProperties":[],"typeProperties":{"source":{"type":"SqlServerSource","sqlReaderQuery":{"value":"@{concat('SELECT * FROM ', item().SchemaName, '.', item().TableName)}","type":"Expression"},"queryTimeout":"02:00:00","partitionOption":"None"},"sink":{"type":"ParquetSink","storeSettings":{"type":"AzureBlobFSWriteSettings"},"formatSettings":{"type":"ParquetWriteSettings"}},"enableStaging":false,"translator":{"type":"TabularTranslator","typeConversion":true,"typeConversionSettings":{"allowDataTruncation":true,"treatBooleanAsNumber":false}}},"inputs":[{"referenceName":"SQL_Server_Copy","type":"DatasetReference","parameters":{}}],"outputs":[{"referenceName":"ParquetTables","type":"DatasetReference","parameters":{"schemaname":{"value":"@item().SchemaName","type":"Expression"},"tablename":{"value":"@item().TableName","type":"Expression"}}}]}]}},{"name":"bronze to silver","type":"DatabricksNotebook","dependsOn":[{"activity":"ForEach Schema Table","dependencyConditions":["Succeeded"]}],"policy":{"timeout":"0.12:00:00","retry":0,"retryIntervalInSeconds":30,"secureOutput":false,"secureInput":false},"userProperties":[],"typeProperties":{"notebookPath":"/Shared/bronze to silver_job"},"linkedServiceName":{"referenceName":"[parameters('AzureDatabricks1')]","type":"LinkedServiceReference"}},{"name":"silver to gold","type":"DatabricksNotebook","dependsOn":[{"activity":"bronze to silver","dependencyConditions":["Succeeded"]}],"policy":{"timeout":"0.12:00:00","retry":0,"retryIntervalInSeconds":30,"secureOutput":false,"secureInput":false},"userProperties":[],"typeProperties":{"notebookPath":"/Shared/silver to gold_job"},"linkedServiceName":{"referenceName":"[parameters('AzureDatabricks1')]","type":"LinkedServiceReference"}}],"policy":{"elapsedTimeMetric":{}},"annotations":[]},"dependsOn":["[concat(variables('factoryId'), '/datasets/SQLDBTables')]","[concat(variables('factoryId'), '/datasets/SQL_Server_Copy')]","[concat(variables('factoryId'), '/datasets/ParquetTables')]"]},{"name":"[concat(parameters('factoryName'), '/SQLDBTables')]","type":"Microsoft.DataFactory/factories/datasets","apiVersion":"2018-06-01","properties":{"linkedServiceName":{"referenceName":"[parameters('onpremsqlserver_connection')]","type":"LinkedServiceReference"},"annotations":[],"type":"SqlServerTable","schema":[],"typeProperties":{}},"dependsOn":[]},{"name":"[concat(parameters('factoryName'), '/SQL_Server_Copy')]","type":"Microsoft.DataFactory/factories/datasets","apiVersion":"2018-06-01","properties":{"linkedServiceName":{"referenceName":"[parameters('onpremsqlserver_connection')]","type":"LinkedServiceReference"},"annotations":[],"type":"SqlServerTable","schema":[],"typeProperties":{}},"dependsOn":[]},{"name":"[concat(parameters('factoryName'), '/ParquetTables')]","type":"Microsoft.DataFactory/factories/datasets","apiVersion":"2018-06-01","properties":{"linkedServiceName":{"referenceName":"[parameters('AzureDataLakeStorage1')]","type":"LinkedServiceReference"},"parameters":{"schemaname":{"type":"string"},"tablename":{"type":"string"}},"annotations":[],"type":"Parquet","typeProperties":{"location":{"type":"AzureBlobFSLocation","fileName":{"value":"@{concat(dataset().tablename, '.parquet')}","type":"Expression"},"folderPath":{"value":"@{concat(dataset().schemaname, '/', dataset().tablename\n)\n}","type":"Expression"},"fileSystem":"bronze"},"compressionCodec":"snappy"},"schema":[{"name":"AddressID","type":"INT32"},{"name":"AddressLine1","type":"UTF8"},{"name":"AddressLine2","type":"UTF8"},{"name":"City","type":"UTF8"},{"name":"StateProvince","type":"UTF8"},{"name":"CountryRegion","type":"UTF8"},{"name":"PostalCode","type":"UTF8"},{"name":"rowguid","type":"UTF8"},{"name":"ModifiedDate","type":"INT96"}]},"dependsOn":[]}]}