{"$schema":"http://schema.management.azure.com/schemas/2015-01-01/deploymentTemplate.json#","contentVersion":"1.0.0.0","parameters":{"workspaceName":{"type":"string","metadata":"Workspace name","defaultValue":"mrk-sypw1494"},"Serverless_SQLDB":{"type":"string"},"mrk-sypw1494-WorkspaceDefaultStorage":{"type":"string"}},"variables":{"workspaceId":"[concat('Microsoft.Synapse/workspaces/', parameters('workspaceName'))]"},"resources":[{"name":"[concat(parameters('workspaceName'), '/Create All View')]","type":"Microsoft.Synapse/workspaces/pipelines","apiVersion":"2019-06-01-preview","properties":{"activities":[{"name":"Get Tablenames","type":"GetMetadata","dependsOn":[],"policy":{"timeout":"0.12:00:00","retry":0,"retryIntervalInSeconds":30,"secureOutput":false,"secureInput":false},"userProperties":[],"typeProperties":{"dataset":{"referenceName":"Gold_Tables","type":"DatasetReference","parameters":{}},"fieldList":["childItems"],"storeSettings":{"type":"AzureBlobFSReadSettings","enablePartitionDiscovery":false},"formatSettings":{"type":"BinaryReadSettings"}}},{"name":"ForEach table name","type":"ForEach","dependsOn":[{"activity":"Get Tablenames","dependencyConditions":["Succeeded"]}],"userProperties":[],"typeProperties":{"items":{"value":"@activity('Get Tablenames').output.childItems","type":"Expression"},"activities":[{"name":"Stored procedure1","type":"SqlServerStoredProcedure","dependsOn":[],"policy":{"timeout":"0.12:00:00","retry":0,"retryIntervalInSeconds":30,"secureOutput":false,"secureInput":false},"userProperties":[],"typeProperties":{"storedProcedureName":"[[dbo].[CreateSQLServerlessView_gold]","storedProcedureParameters":{"Viewname":{"value":{"value":"@item().name","type":"Expression"},"type":"String"}}},"linkedServiceName":{"referenceName":"[parameters('Serverless_SQLDB')]","type":"LinkedServiceReference"}}]}}],"policy":{"elapsedTimeMetric":{}},"annotations":[]},"dependsOn":["[concat(variables('workspaceId'), '/datasets/Gold_Tables')]"]},{"name":"[concat(parameters('workspaceName'), '/Gold_Tables')]","type":"Microsoft.Synapse/workspaces/datasets","apiVersion":"2019-06-01-preview","properties":{"linkedServiceName":{"referenceName":"[parameters('mrk-sypw1494-WorkspaceDefaultStorage')]","type":"LinkedServiceReference"},"annotations":[],"type":"Binary","typeProperties":{"location":{"type":"AzureBlobFSLocation","folderPath":"SalesLT","fileSystem":"gold"}}},"dependsOn":[]}]}